 observation,p1,p2,p3,p4,p5,p6,p7,p8,p9,p10,p11,p12,p13
eChild #1,0,0,0,0,0,0,0,0,0,2,8,0,7
eChild #2,0,0,0,0,0,0,0,0,0,13,15,0,7
eChild #3,0,0,0,1,0,0,0,0,0,11,2,0,0
eChild #4,0,0,0,0,0,0,0,0,0,2,29,0,2
eChild #5,0,0,0,1,0,0,0,0,0,0,14,0,0
eChild #6,0,0,0,1,0,0,0,0,0,2,3,0,0
eChild #7,0,0,0,1,0,0,0,0,0,1,7,0,0
eChild #8,0,0,0,0,0,0,0,0,0,1,14,0,1
eChild #9,0,0,0,0,0,0,0,0,0,0,13,0,3
eChild #10,0,0,0,4,0,0,0,0,0,1,5,0,0
eChild #11,0,0,0,0,0,0,0,0,0,1,0,0,2
eChild #12,0,0,0,2,0,0,0,0,0,3,4,0,3
eChild #13,0,0,0,0,0,0,0,0,0,0,1,0,2
eChild #14,0,0,0,1,0,0,0,0,0,10,6,0,0
eChild #15,0,0,0,0,0,0,0,0,0,6,9,0,2
eChild #16,0,0,0,0,0,0,0,0,0,1,2,0,4
eChild #17,0,0,0,1,0,0,0,0,0,6,4,0,0
eChild #18,0,0,0,0,0,0,0,0,0,5,9,0,11
eChild #19,0,0,0,0,0,0,0,0,0,6,3,0,7
eChild #20,0,0,0,2,0,0,0,0,0,11,32,0,0
eChild #21,0,0,0,1,0,0,0,0,0,2,8,0,0
eChild #22,0,0,0,3,0,0,0,0,0,3,1,0,2
eChild #23,0,0,0,2,0,0,0,0,0,0,6,0,0
eChild #24,0,0,0,0,0,0,0,0,0,0,4,0,1
eChild #25,0,0,0,0,0,0,0,0,0,2,14,0,4
eChild #26,0,0,0,0,0,0,0,0,0,2,0,0,7
eChild #27,0,0,0,0,0,0,0,0,0,3,8,0,4
eChild #28,0,0,0,0,0,0,0,0,0,3,43,0,1
eChild #29,0,0,0,1,0,0,0,0,0,0,19,0,0
eChild #30,0,0,0,0,0,0,0,0,0,0,14,0,4
eChild #31,0,0,0,1,0,0,0,0,0,3,0,0,3
eChild #32,0,0,0,2,0,0,0,0,0,1,6,0,0
eChild #33,0,0,0,0,0,0,0,0,0,8,11,0,1
eChild #34,0,0,0,1,0,0,0,0,0,0,3,0,5
eChild #35,0,0,0,1,0,0,0,0,0,0,6,0,0
eChild #36,0,0,0,3,0,0,0,0,0,5,16,0,0
eChild #37,0,0,0,1,0,0,0,0,0,1,5,0,2
eChild #38,0,0,0,2,0,0,0,0,0,5,4,0,0
eChild #39,0,0,0,1,0,0,0,0,0,0,13,0,0
eChild #40,0,0,0,4,0,0,0,0,0,10,0,0,2
eChild #41,0,0,0,7,0,0,0,0,0,0,7,0,0
eChild #42,0,0,0,0,0,0,0,0,0,7,11,0,4
eChild #43,0,0,0,0,0,0,0,0,0,0,26,0,1
eChild #44,0,0,0,0,0,0,0,0,0,10,1,0,2
eChild #45,0,0,0,1,0,0,0,0,0,7,6,0,0
eChild #46,0,0,0,1,0,0,0,0,0,3,6,0,0
eChild #47,0,0,0,5,0,0,0,0,0,5,20,0,0
eChild #48,0,0,0,0,0,0,0,0,0,5,19,0,4
eChild #49,0,0,0,5,0,0,0,0,0,1,7,0,1
eChild #50,0,0,0,0,0,0,0,0,0,1,8,0,3
eChild #51,0,0,0,0,0,0,0,0,0,11,7,0,1
eChild #52,0,0,0,0,0,0,0,0,0,22,1,0,9
eChild #53,0,0,0,0,0,0,0,0,0,1,18,0,2
eChild #54,0,0,0,0,0,0,0,0,0,3,2,0,1
eChild #55,0,0,0,1,0,0,0,0,0,14,21,0,2
eChild #56,0,0,0,0,0,0,0,0,0,3,7,0,5
eChild #57,0,0,0,0,0,0,0,0,0,1,0,0,1
eChild #58,0,0,0,2,0,0,0,0,0,13,27,0,0
eChild #59,0,0,0,1,0,0,0,0,0,7,3,0,4
eChild #60,0,0,0,1,0,0,0,0,0,1,7,0,0
eChild #61,0,0,0,0,0,0,0,0,0,15,2,0,5
eChild #62,0,0,0,0,0,0,0,0,0,1,0,0,2
eChild #63,0,0,0,1,0,0,0,0,0,1,4,0,0
eChild #64,0,0,0,4,0,0,0,0,0,3,25,0,0
eChild #65,0,0,0,1,0,0,0,0,0,1,2,0,0
eChild #66,0,0,0,1,0,0,0,0,0,0,10,0,2
eChild #67,0,0,0,0,0,0,0,0,0,1,15,0,3
eChild #68,0,0,0,2,0,0,0,0,0,6,16,0,1
eChild #69,0,0,0,0,0,0,0,0,0,7,0,0,4
eChild #70,0,0,0,0,0,0,0,0,0,2,1,0,4
eChild #71,0,0,0,1,0,0,0,0,0,0,1,0,0
eChild #72,0,0,0,3,0,0,0,0,0,0,4,0,0
eChild #73,0,0,0,0,0,0,0,0,0,5,7,0,1
eChild #74,0,0,0,0,0,0,0,0,0,1,2,0,1
eChild #75,0,0,0,2,0,0,0,0,0,10,6,0,0
eChild #76,0,0,0,1,0,0,0,0,0,5,2,0,0
eChild #77,0,0,0,0,0,0,0,0,0,4,32,0,1
eChild #78,0,0,0,0,0,0,0,0,0,23,30,0,4
eChild #79,0,0,0,2,0,0,0,0,0,0,13,0,0
eChild #80,0,0,0,4,0,0,0,0,0,1,5,0,0
eChild #81,0,0,0,4,0,0,0,0,0,1,8,0,0
eChild #82,0,0,0,0,0,0,0,0,0,6,1,0,2
eChild #83,0,0,0,0,0,0,0,0,0,8,18,0,8
eChild #84,0,0,0,0,0,0,0,0,0,1,3,0,18
eChild #85,0,0,0,1,0,0,0,0,0,5,17,0,0
eChild #86,0,0,0,2,0,0,0,0,0,5,2,0,1
eChild #87,0,0,0,1,0,0,0,0,0,3,11,0,0
eChild #88,0,0,0,2,0,0,0,0,0,5,7,0,1
eChild #89,0,0,0,1,0,0,0,0,0,0,11,0,0
eChild #90,0,0,0,2,0,0,0,0,0,2,5,0,0
eChild #91,0,0,0,0,0,0,0,0,0,3,1,0,2
eChild #92,0,0,0,0,0,0,0,0,0,0,5,0,1
eChild #93,0,0,0,1,0,0,0,0,0,0,13,0,0
eChild #94,0,0,0,1,0,0,0,0,0,4,6,0,0
eChild #95,0,0,0,1,0,0,0,0,0,5,3,0,0
eChild #96,0,0,0,0,0,0,0,0,0,5,1,0,3
eChild #97,0,0,0,2,0,0,0,0,0,0,13,0,1
eChild #98,0,0,0,1,0,0,0,0,0,0,7,0,0
eChild #99,0,0,0,8,0,0,0,0,0,0,8,0,0
eChild #100,0,0,0,4,0,0,0,0,0,10,6,0,1
eChild #101,0,0,0,0,0,0,0,0,0,2,3,0,2
eChild #102,0,0,0,0,0,0,0,0,0,2,5,0,1
eChild #103,0,0,0,0,0,0,0,0,0,17,29,0,3
eChild #104,0,0,0,1,0,0,0,0,0,3,1,0,0
eChild #105,0,0,0,1,0,0,0,0,0,0,4,0,0
eChild #106,0,0,0,1,0,0,0,0,0,1,2,0,0
eChild #107,0,0,0,1,0,0,0,0,0,0,4,0,0
eChild #108,0,0,0,2,0,0,0,0,0,19,2,0,0
eChild #109,0,0,0,0,0,0,0,0,0,7,6,0,3
eChild #110,0,0,0,2,0,0,0,0,0,5,3,0,0
eChild #111,0,0,0,0,0,0,0,0,0,1,17,0,3
eChild #112,0,0,0,0,0,0,0,0,0,4,28,0,4
eChild #113,0,0,0,0,0,0,0,0,0,1,54,0,1
eChild #114,0,0,0,2,0,0,0,0,0,7,1,0,0
eChild #115,0,0,0,1,0,0,0,0,0,3,1,0,0
eChild #116,0,0,0,0,0,0,0,0,0,5,1,0,3
eChild #117,0,0,0,3,0,0,0,0,0,1,5,0,0
eChild #118,0,0,0,3,0,0,0,0,0,8,19,0,0
eChild #119,0,0,0,0,0,0,0,0,0,1,9,0,1
eChild #120,0,0,0,0,0,0,0,0,0,9,10,0,1
eChild #121,0,0,0,2,0,0,0,0,0,2,4,0,0
eChild #122,0,0,0,1,0,0,0,0,0,7,1,0,0
eChild #123,0,0,0,0,0,0,0,0,0,0,3,0,1
eChild #124,0,0,0,0,0,0,0,0,0,2,21,0,5
eChild #125,0,0,0,0,0,0,0,0,0,4,16,0,1
eChild #126,0,0,0,2,0,0,0,0,0,1,4,0,0
eChild #127,0,0,0,2,0,0,0,0,0,7,12,0,0
eChild #128,0,0,0,0,0,0,0,0,0,4,26,0,1
eChild #129,0,0,0,0,0,0,0,0,0,6,3,0,1
eChild #130,0,0,0,0,0,0,0,0,0,6,3,0,12
eChild #131,0,0,0,1,0,0,0,0,0,5,13,0,3
eChild #132,0,0,0,1,0,0,0,0,0,1,3,0,2
eChild #133,0,0,0,1,0,0,0,0,0,13,2,0,0
eChild #134,0,0,0,0,0,0,0,0,0,4,10,0,1
eChild #135,0,0,0,1,0,0,0,0,0,3,5,0,0
eChild #136,0,0,0,0,0,0,0,0,0,5,4,0,1
eChild #137,0,0,0,2,0,0,0,0,0,25,4,0,0
eChild #138,0,0,0,2,0,0,0,0,0,4,3,0,0
eChild #139,0,0,0,0,0,0,0,0,0,8,0,0,5
eChild #140,0,0,0,0,0,0,0,0,0,3,15,0,1
eChild #141,0,0,0,4,0,0,0,0,0,0,11,0,0
eChild #142,0,0,0,1,0,0,0,0,0,8,22,0,0
eChild #143,0,0,0,0,0,0,0,0,0,6,3,0,1
eChild #144,0,0,0,1,0,0,0,0,0,4,2,0,0
eChild #145,0,0,0,1,0,0,0,0,0,2,15,0,0
eChild #146,0,0,0,1,0,0,0,0,0,1,5,0,0
eChild #147,0,0,0,0,0,0,0,0,0,5,14,0,3
eChild #148,0,0,0,0,0,0,0,0,0,9,7,0,1
eChild #149,0,0,0,0,0,0,0,0,0,18,4,0,1
eChild #150,0,0,0,4,0,0,0,0,0,0,4,0,0
eChild #151,0,0,0,1,0,0,0,0,0,0,5,0,0
eChild #152,0,0,0,0,0,0,0,0,0,1,2,0,3
eChild #153,0,0,0,1,0,0,0,0,0,8,2,0,4
eChild #154,0,0,0,1,0,0,0,0,0,2,5,0,0
eChild #155,0,0,0,1,0,0,0,0,0,1,11,0,0
eChild #156,0,0,0,0,0,0,0,0,0,3,8,0,1
eChild #157,0,0,0,6,0,0,0,0,0,6,24,0,0
eChild #158,0,0,0,1,0,0,0,0,0,2,8,0,0
eChild #159,0,0,0,4,0,0,0,0,0,0,22,0,0
eChild #160,0,0,0,2,0,0,0,0,0,2,4,0,0
eChild #161,0,0,0,0,0,0,0,0,0,8,10,0,1
eChild #162,0,0,0,1,0,0,0,0,0,8,2,0,6
eChild #163,0,0,0,1,0,0,0,0,0,2,9,0,0
eChild #164,0,0,0,0,0,0,0,0,0,2,30,0,1
eChild #165,0,0,0,0,0,0,0,0,0,7,15,0,2
eChild #166,0,0,0,0,0,0,0,0,0,0,12,0,4
eChild #167,0,0,0,0,0,0,0,0,0,6,3,0,5
eChild #168,0,0,0,2,0,0,0,0,0,4,3,0,0
eChild #169,0,0,0,0,0,0,0,0,0,0,10,0,3
eChild #170,0,0,0,0,0,0,0,0,0,0,4,0,2
eChild #171,0,0,0,2,0,0,0,0,0,0,17,0,0
eChild #172,0,0,0,0,0,0,0,0,0,14,5,0,1
eChild #173,0,0,0,4,0,0,0,0,0,10,30,0,1
eChild #174,0,0,0,1,0,0,0,0,0,4,1,0,0
eChild #175,0,0,0,0,0,0,0,0,0,7,11,0,2
eChild #176,0,0,0,0,0,0,0,0,0,38,6,0,2
eChild #177,0,0,0,1,0,0,0,0,0,9,20,0,0
eChild #178,0,0,0,1,0,0,0,0,0,6,10,0,0
eChild #179,0,0,0,0,0,0,0,0,0,2,0,0,1
eChild #180,0,0,0,0,0,0,0,0,0,5,0,0,1
eChild #181,0,0,0,1,0,0,0,0,0,4,1,0,0
eChild #182,0,0,0,1,0,0,0,0,0,17,5,0,0
eChild #183,0,0,0,0,0,0,0,0,0,4,21,0,1
eChild #184,0,0,0,2,0,0,0,0,0,1,18,0,0
eChild #185,0,0,0,0,0,0,0,0,0,0,2,0,1
eChild #186,0,0,0,0,0,0,0,0,0,3,43,0,3
eChild #187,0,0,0,0,0,0,0,0,0,0,2,0,1
eChild #188,0,0,0,2,0,0,0,0,0,2,10,0,0
eChild #189,0,0,0,2,0,0,0,0,0,2,21,0,0
eChild #190,0,0,0,2,0,0,0,0,0,5,4,0,0
eChild #191,0,0,0,0,0,0,0,0,0,3,2,0,6
eChild #192,0,0,0,2,0,0,0,0,0,1,4,0,0
eChild #193,0,0,0,0,0,0,0,0,0,6,9,0,1
eChild #194,0,0,0,1,0,0,0,0,0,4,1,0,0
eChild #195,0,0,0,1,0,0,0,0,0,7,1,0,2
eChild #196,0,0,0,2,0,0,0,0,0,19,15,0,0
eChild #197,0,0,0,0,0,0,0,0,0,0,17,0,8
eChild #198,0,0,0,2,0,0,0,0,0,10,0,0,1
eChild #199,0,0,0,5,0,0,0,0,0,6,26,0,0
eChild #200,0,0,0,0,0,0,0,0,0,36,0,0,1
eChild #201,0,0,0,1,0,0,0,0,0,5,4,0,0
eChild #202,0,0,0,0,0,0,0,0,0,14,6,0,1
eChild #203,0,0,0,0,0,0,0,0,0,0,6,0,2
eChild #204,0,0,0,1,0,0,0,0,0,0,7,0,0
eChild #205,0,0,0,1,0,0,0,0,0,3,1,0,0
eChild #206,0,0,0,3,0,0,0,0,0,0,8,0,1
eChild #207,0,0,0,2,0,0,0,0,0,4,1,0,0
eChild #208,0,0,0,0,0,0,0,0,0,2,0,0,3
eChild #209,0,0,0,1,0,0,0,0,0,9,3,0,0
eChild #210,0,0,0,0,0,0,0,0,0,1,11,0,1
eChild #211,0,0,0,0,0,0,0,0,0,1,11,0,1
eChild #212,0,0,0,0,0,0,0,0,0,0,2,0,4
eChild #213,0,0,0,0,0,0,0,0,0,7,1,0,2
eChild #214,0,0,0,3,0,0,0,0,0,18,1,0,0
eChild #215,0,0,0,0,0,0,0,0,0,4,19,0,2
eChild #216,0,0,0,0,0,0,0,0,0,15,22,0,1
eChild #217,0,0,0,0,0,0,0,0,0,0,5,0,7
eChild #218,0,0,0,1,0,0,0,0,0,7,5,0,0
eChild #219,0,0,0,1,0,0,0,0,0,5,26,0,0
eChild #220,0,0,0,1,0,0,0,0,0,7,5,0,0
eChild #221,0,0,0,0,0,0,0,0,0,2,11,0,1
eChild #222,0,0,0,0,0,0,0,0,0,6,25,0,1
eChild #223,0,0,0,1,0,0,0,0,0,0,8,0,4
eChild #224,0,0,0,1,0,0,0,0,0,9,1,0,0
eChild #225,0,0,0,1,0,0,0,0,0,1,4,0,0
eChild #226,0,0,0,2,0,0,0,0,0,6,3,0,0
eChild #227,0,0,0,2,0,0,0,0,0,0,8,0,0
eChild #228,0,0,0,0,0,0,0,0,0,11,15,0,1
eChild #229,0,0,0,5,0,0,0,0,0,3,0,0,1
eChild #230,0,0,0,2,0,0,0,0,0,2,30,0,0
eChild #231,0,0,0,0,0,0,0,0,0,4,1,0,9
eChild #232,0,0,0,0,0,0,0,0,0,1,6,0,2
eChild #233,0,0,0,0,0,0,0,0,0,2,4,0,2
eChild #234,0,0,0,1,0,0,0,0,0,5,3,0,0
eChild #235,0,0,0,0,0,0,0,0,0,0,5,0,1
eChild #236,0,0,0,4,0,0,0,0,0,3,13,0,0
eChild #237,0,0,0,0,0,0,0,0,0,2,3,0,2
eChild #238,0,0,0,0,0,0,0,0,0,8,4,0,7
eChild #239,0,0,0,2,0,0,0,0,0,10,2,0,0
eChild #240,0,0,0,1,0,0,0,0,0,0,19,0,0
eChild #241,0,0,0,0,0,0,0,0,0,13,3,0,2
eChild #242,0,0,0,1,0,0,0,0,0,1,2,0,0
eChild #243,0,0,0,1,0,0,0,0,0,1,25,0,0
eChild #244,0,0,0,0,0,0,0,0,0,25,4,0,7
eChild #245,0,0,0,0,0,0,0,0,0,1,0,0,1
eChild #246,0,0,0,1,0,0,0,0,0,2,3,0,0
eChild #247,0,0,0,0,0,0,0,0,0,2,0,0,10
eChild #248,0,0,0,1,0,0,0,0,0,6,16,0,0
eChild #249,0,0,0,1,0,0,0,0,0,2,5,0,0
eChild #250,0,0,0,0,0,0,0,0,0,0,2,0,5
eChild #251,0,0,0,0,0,0,0,0,0,2,1,0,2
eChild #252,0,0,0,0,0,0,0,0,0,0,18,0,4
eChild #253,0,0,0,0,0,0,0,0,0,3,27,0,2
eChild #254,0,0,0,1,0,0,0,0,0,0,4,0,0
eChild #255,0,0,0,0,0,0,0,0,0,16,7,0,2
eChild #256,0,0,0,1,0,0,0,0,0,9,12,0,0
eChild #257,0,0,0,0,0,0,0,0,0,0,5,0,3
eChild #258,0,0,0,1,0,0,0,0,0,1,25,0,2
eChild #259,0,0,0,8,0,0,0,0,0,1,3,0,0
eChild #260,0,0,0,1,0,0,0,0,0,7,2,0,6
eChild #261,0,0,0,0,0,0,0,0,0,5,9,0,1
eChild #262,0,0,0,0,0,0,0,0,0,0,1,0,2
eChild #263,0,0,0,1,0,0,0,0,0,0,4,0,0
eChild #264,0,0,0,0,0,0,0,0,0,0,19,0,1
eChild #265,0,0,0,3,0,0,0,0,0,2,6,0,0
eChild #266,0,0,0,0,0,0,0,0,0,3,17,0,3
eChild #267,0,0,0,0,0,0,0,0,0,4,0,0,4
eChild #268,0,0,0,5,0,0,0,0,0,0,17,0,0
eChild #269,0,0,0,0,0,0,0,0,0,1,4,0,2
eChild #270,0,0,0,1,0,0,0,0,0,3,38,0,3
eChild #271,0,0,0,0,0,0,0,0,0,0,14,0,1
eChild #272,0,0,0,2,0,0,0,0,0,3,9,0,1
eChild #273,0,0,0,0,0,0,0,0,0,8,11,0,1
eChild #274,0,0,0,1,0,0,0,0,0,0,2,0,0
eChild #275,0,0,0,1,0,0,0,0,0,4,1,0,0
eChild #276,0,0,0,0,0,0,0,0,0,0,2,0,1
eChild #277,0,0,0,1,0,0,0,0,0,3,0,0,2
eChild #278,0,0,0,1,0,0,0,0,0,1,17,0,0
eChild #279,0,0,0,1,0,0,0,0,0,6,2,0,0
eChild #280,0,0,0,0,0,0,0,0,0,0,3,0,2
eChild #281,0,0,0,2,0,0,0,0,0,0,20,0,0
eChild #282,0,0,0,1,0,0,0,0,0,0,15,0,0
eChild #283,0,0,0,0,0,0,0,0,0,13,5,0,1
eChild #284,0,0,0,0,0,0,0,0,0,1,13,0,1
eChild #285,0,0,0,1,0,0,0,0,0,5,0,0,2
eChild #286,0,0,0,7,0,0,0,0,0,10,0,0,1
eChild #287,0,0,0,1,0,0,0,0,0,0,1,0,0
eChild #288,0,0,0,1,0,0,0,0,0,1,11,0,0
eChild #289,0,0,0,0,0,0,0,0,0,2,10,0,4
eChild #290,0,0,0,1,0,0,0,0,0,0,15,0,0
eChild #291,0,0,0,1,0,0,0,0,0,7,5,0,0
eChild #292,0,0,0,0,0,0,0,0,0,1,3,0,2
eChild #293,0,0,0,0,0,0,0,0,0,18,28,0,1
eChild #294,0,0,0,2,0,0,0,0,0,9,2,0,0
eChild #295,0,0,0,1,0,0,0,0,0,1,3,0,10
eChild #296,0,0,0,0,0,0,0,0,0,0,1,0,3
eChild #297,0,0,0,2,0,0,0,0,0,1,4,0,0
eChild #298,0,0,0,0,0,0,0,0,0,1,7,0,1
eChild #299,0,0,0,0,0,0,0,0,0,13,0,0,2
eChild #300,0,0,0,0,0,0,0,0,0,2,12,0,2
eChild #301,0,0,0,3,0,0,0,0,0,4,14,0,0
eChild #302,0,0,0,0,0,0,0,0,0,15,3,0,9
eChild #303,0,0,0,0,0,0,0,0,0,0,28,0,1
eChild #304,0,0,0,0,0,0,0,0,0,2,7,0,2
eChild #305,0,0,0,1,0,0,0,0,0,8,18,0,0
eChild #306,0,0,0,0,0,0,0,0,0,5,16,0,2
eChild #307,0,0,0,3,0,0,0,0,0,0,24,0,0
eChild #308,0,0,0,2,0,0,0,0,0,3,41,0,0
eChild #309,0,0,0,1,0,0,0,0,0,2,13,0,0
eChild #310,0,0,0,1,0,0,0,0,0,1,4,0,0
eChild #311,0,0,0,1,0,0,0,0,0,8,3,0,0
eChild #312,0,0,0,0,0,0,0,0,0,13,26,0,1
eChild #313,0,0,0,0,0,0,0,0,0,13,16,0,1
eChild #314,0,0,0,0,0,0,0,0,0,1,8,0,1
eChild #315,0,0,0,0,0,0,0,0,0,1,6,0,2
eChild #316,0,0,0,1,0,0,0,0,0,1,5,0,0
eChild #317,0,0,0,1,0,0,0,0,0,3,23,0,0
eChild #318,0,0,0,0,0,0,0,0,0,2,1,0,3
eChild #319,0,0,0,0,0,0,0,0,0,0,15,0,4
eChild #320,0,0,0,0,0,0,0,0,0,4,8,0,1
eChild #321,0,0,0,0,0,0,0,0,0,1,3,0,7
eChild #322,0,0,0,1,0,0,0,0,0,5,21,0,0
eChild #323,0,0,0,3,0,0,0,0,0,2,5,0,0
eChild #324,0,0,0,0,0,0,0,0,0,4,22,0,4
eChild #325,0,0,0,0,0,0,0,0,0,3,21,0,1
eChild #326,0,0,0,1,0,0,0,0,0,4,3,0,0
eChild #327,0,0,0,6,0,0,0,0,0,16,8,0,0
eChild #328,0,0,0,1,0,0,0,0,0,2,23,0,0
eChild #329,0,0,0,0,0,0,0,0,0,11,1,0,4
eChild #330,0,0,0,1,0,0,0,0,0,4,16,0,0
eChild #331,0,0,0,2,0,0,0,0,0,0,11,0,0
eChild #332,0,0,0,2,0,0,0,0,0,8,6,0,0
eChild #333,0,0,0,2,0,0,0,0,0,1,2,0,0
eChild #334,0,0,0,1,0,0,0,0,0,3,27,0,0
eChild #335,0,0,0,1,0,0,0,0,0,4,1,0,0
eChild #336,0,0,0,3,0,0,0,0,0,0,39,0,0
eChild #337,0,0,0,1,0,0,0,0,0,5,11,0,0
eChild #338,0,0,0,2,0,0,0,0,0,5,1,0,0
eChild #339,0,0,0,3,0,0,0,0,0,0,15,0,0
eChild #340,0,0,0,1,0,0,0,0,0,0,8,0,0
eChild #341,0,0,0,1,0,0,0,0,0,7,3,0,0
eChild #342,0,0,0,0,0,0,0,0,0,12,3,0,4
eChild #343,0,0,0,3,0,0,0,0,0,1,3,0,0
eChild #344,0,0,0,1,0,0,0,0,0,4,1,0,0
eChild #345,0,0,0,0,0,0,0,0,0,2,24,0,3
eChild #346,0,0,0,0,0,0,0,0,0,5,0,0,8
eChild #347,0,0,0,0,0,0,0,0,0,0,19,0,1
eChild #348,0,0,0,0,0,0,0,0,0,0,9,0,1
eChild #349,0,0,0,0,0,0,0,0,0,7,6,0,4
eChild #350,0,0,0,1,0,0,0,0,0,1,5,0,0
eChild #351,0,0,0,2,0,0,0,0,0,3,31,0,0
eChild #352,0,0,0,2,0,0,0,0,0,1,10,0,0
eChild #353,0,0,0,1,0,0,0,0,0,2,6,0,0
eChild #354,0,0,0,0,0,0,0,0,0,15,13,0,2
eChild #355,0,0,0,0,0,0,0,0,0,1,0,0,2
eChild #356,0,0,0,0,0,0,0,0,0,14,7,0,3
eChild #357,0,0,0,4,0,0,0,0,0,2,22,0,0
eChild #358,0,0,0,2,0,0,0,0,0,0,6,0,0
eChild #359,0,0,0,0,0,0,0,0,0,5,16,0,2
eChild #360,0,0,0,0,0,0,0,0,0,6,11,0,1
eChild #361,0,0,0,0,0,0,0,0,0,0,4,0,3
eChild #362,0,0,0,0,0,0,0,0,0,0,7,0,1
eChild #363,0,0,0,0,0,0,0,0,0,9,0,0,1
eChild #364,0,0,0,0,0,0,0,0,0,0,1,0,3
eChild #365,0,0,0,3,0,0,0,0,0,7,9,0,0
eChild #366,0,0,0,1,0,0,0,0,0,3,0,0,3
eChild #367,0,0,0,3,0,0,0,0,0,10,3,0,0
eChild #368,0,0,0,0,0,0,0,0,0,1,13,0,2
eChild #369,0,0,0,0,0,0,0,0,0,1,3,0,2
eChild #370,0,0,0,1,0,0,0,0,0,3,9,0,0
eChild #371,0,0,0,1,0,0,0,0,0,0,1,0,2
eChild #372,0,0,0,0,0,0,0,0,0,4,10,0,3
eChild #373,0,0,0,1,0,0,0,0,0,21,6,0,0
eChild #374,0,0,0,4,0,0,0,0,0,1,2,0,0
eChild #375,0,0,0,1,0,0,0,0,0,4,2,0,0
eChild #376,0,0,0,3,0,0,0,0,0,3,7,0,0
eChild #377,0,0,0,0,0,0,0,0,0,18,8,0,2
eChild #378,0,0,0,0,0,0,0,0,0,0,2,0,6
eChild #379,0,0,0,5,0,0,0,0,0,5,2,0,0
eChild #380,0,0,0,0,0,0,0,0,0,2,36,0,1
eChild #381,0,0,0,1,0,0,0,0,0,5,1,0,0
eChild #382,0,0,0,0,0,0,0,0,0,3,13,0,1
eChild #383,0,0,0,2,0,0,0,0,0,4,21,0,0
eChild #384,0,0,0,1,0,0,0,0,0,5,1,0,0
eChild #385,0,0,0,1,0,0,0,0,0,7,8,0,0
eChild #386,0,0,0,0,0,0,0,0,0,1,2,0,5
eChild #387,0,0,0,1,0,0,0,0,0,4,0,0,2
eChild #388,0,0,0,3,0,0,0,0,0,12,11,0,2
eChild #389,0,0,0,0,0,0,0,0,0,2,0,0,1
eChild #390,0,0,0,1,0,0,0,0,0,4,12,0,0
eChild #391,0,0,0,3,0,0,0,0,0,2,4,0,1
eChild #392,0,0,0,1,0,0,0,0,0,6,20,0,0
eChild #393,0,0,0,4,0,0,0,0,0,0,4,0,0
eChild #394,0,0,0,0,0,0,0,0,0,0,11,0,1
eChild #395,0,0,0,6,0,0,0,0,0,5,7,0,2
eChild #396,0,0,0,1,0,0,0,0,0,13,22,0,0
eChild #397,0,0,0,0,0,0,0,0,0,0,10,0,6
eChild #398,0,0,0,0,0,0,0,0,0,1,13,0,1
eChild #399,0,0,0,1,0,0,0,0,0,0,6,0,0
eChild #400,0,0,0,2,0,0,0,0,0,14,6,0,0
eChild #401,0,0,0,0,0,0,0,0,0,5,0,0,2
eChild #402,0,0,0,0,0,0,0,0,0,1,10,0,1
eChild #403,0,0,0,0,0,0,0,0,0,6,0,0,5
eChild #404,0,0,0,3,0,0,0,0,0,1,3,0,0
eChild #405,0,0,0,2,0,0,0,0,0,8,44,0,0
eChild #406,0,0,0,0,0,0,0,0,0,0,7,0,9
eChild #407,0,0,0,1,0,0,0,0,0,12,6,0,2
eChild #408,0,0,0,2,0,0,0,0,0,6,3,0,0
eChild #409,0,0,0,0,0,0,0,0,0,3,11,0,3
eChild #410,0,0,0,0,0,0,0,0,0,3,5,0,2
eChild #411,0,0,0,3,0,0,0,0,0,5,3,0,0
eChild #412,0,0,0,0,0,0,0,0,0,1,10,0,8
eChild #413,0,0,0,1,0,0,0,0,0,0,20,0,2
eChild #414,0,0,0,0,0,0,0,0,0,2,13,0,2
eChild #415,0,0,0,0,0,0,0,0,0,17,0,0,4
eChild #416,0,0,0,1,0,0,0,0,0,2,1,0,6
eChild #417,0,0,0,0,0,0,0,0,0,2,3,0,2
eChild #418,0,0,0,1,0,0,0,0,0,0,14,0,0
eChild #419,0,0,0,0,0,0,0,0,0,1,13,0,1
eChild #420,0,0,0,0,0,0,0,0,0,10,15,0,1
eChild #421,0,0,0,1,0,0,0,0,0,1,3,0,0
eChild #422,0,0,0,2,0,0,0,0,0,0,8,0,1
eChild #423,0,0,0,0,0,0,0,0,0,0,1,0,3
eChild #424,0,0,0,3,0,0,0,0,0,0,35,0,0
eChild #425,0,0,0,1,0,0,0,0,0,0,6,0,3
eChild #426,0,0,0,0,0,0,0,0,0,1,23,0,3
eChild #427,0,0,0,0,0,0,0,0,0,12,0,0,1
eChild #428,0,0,0,3,0,0,0,0,0,1,12,0,0
eChild #429,0,0,0,0,0,0,0,0,0,5,4,0,6
eChild #430,0,0,0,2,0,0,0,0,0,0,1,0,0
eChild #431,0,0,0,0,0,0,0,0,0,2,8,0,2
eChild #432,0,0,0,1,0,0,0,0,0,1,5,0,0
eChild #433,0,0,0,0,0,0,0,0,0,4,9,0,1
eChild #434,0,0,0,0,0,0,0,0,0,1,7,0,4
eChild #435,0,0,0,0,0,0,0,0,0,1,25,0,1
eChild #436,0,0,0,3,0,0,0,0,0,0,6,0,0
eChild #437,0,0,0,0,0,0,0,0,0,3,4,0,6
eChild #438,0,0,0,1,0,0,0,0,0,12,3,0,0
eChild #439,0,0,0,0,0,0,0,0,0,6,3,0,6
eChild #440,0,0,0,0,0,0,0,0,0,2,0,0,4
eChild #441,0,0,0,2,0,0,0,0,0,5,2,0,0
eChild #442,0,0,0,1,0,0,0,0,0,2,0,0,4
eChild #443,0,0,0,0,0,0,0,0,0,3,2,0,3
eChild #444,0,0,0,0,0,0,0,0,0,2,39,0,5
eChild #445,0,0,0,1,0,0,0,0,0,7,1,0,0
eChild #446,0,0,0,1,0,0,0,0,0,1,14,0,0
eChild #447,0,0,0,0,0,0,0,0,0,1,4,0,5
eChild #448,0,0,0,2,0,0,0,0,0,11,1,0,0
eChild #449,0,0,0,1,0,0,0,0,0,2,4,0,0
eChild #450,0,0,0,1,0,0,0,0,0,2,6,0,0
eChild #451,0,0,0,3,0,0,0,0,0,1,4,0,1
eChild #452,0,0,0,0,0,0,0,0,0,9,3,0,2
eChild #453,0,0,0,1,0,0,0,0,0,8,10,0,0
eChild #454,0,0,0,0,0,0,0,0,0,0,4,0,2
eChild #455,0,0,0,0,0,0,0,0,0,0,15,0,1
eChild #456,0,0,0,2,0,0,0,0,0,9,4,0,0
eChild #457,0,0,0,0,0,0,0,0,0,10,2,0,3
eChild #458,0,0,0,0,0,0,0,0,0,6,3,0,7
eChild #459,0,0,0,0,0,0,0,0,0,4,6,0,3
eChild #460,0,0,0,0,0,0,0,0,0,3,17,0,1
eChild #461,0,0,0,1,0,0,0,0,0,10,4,0,0
eChild #462,0,0,0,0,0,0,0,0,0,2,20,0,1
eChild #463,0,0,0,0,0,0,0,0,0,5,8,0,1
eChild #464,0,0,0,2,0,0,0,0,0,0,4,0,0
eChild #465,0,0,0,0,0,0,0,0,0,4,5,0,3
eChild #466,0,0,0,1,0,0,0,0,0,10,14,0,0
eChild #467,0,0,0,3,0,0,0,0,0,4,2,0,0
eChild #468,0,0,0,0,0,0,0,0,0,0,1,0,3
eChild #469,0,0,0,1,0,0,0,0,0,12,3,0,0
eChild #470,0,0,0,0,0,0,0,0,0,1,13,0,1
eChild #471,0,0,0,0,0,0,0,0,0,10,1,0,2
eChild #472,0,0,0,1,0,0,0,0,0,6,4,0,0
eChild #473,0,0,0,1,0,0,0,0,0,0,2,0,0
eChild #474,0,0,0,0,0,0,0,0,0,19,0,0,1
eChild #475,0,0,0,1,0,0,0,0,0,0,11,0,0
eChild #476,0,0,0,0,0,0,0,0,0,0,12,0,1
eChild #477,0,0,0,0,0,0,0,0,0,4,5,0,1
eChild #478,0,0,0,1,0,0,0,0,0,2,19,0,0
eChild #479,0,0,0,0,0,0,0,0,0,19,1,0,2
eChild #480,0,0,0,0,0,0,0,0,0,3,0,0,4
eChild #481,0,0,0,0,0,0,0,0,0,1,0,0,3
eChild #482,0,0,0,0,0,0,0,0,0,1,0,0,2
eChild #483,0,0,0,0,0,0,0,0,0,7,33,0,4
eChild #484,0,0,0,2,0,0,0,0,0,11,6,0,0
eChild #485,0,0,0,1,0,0,0,0,0,10,7,0,0
eChild #486,0,0,0,0,0,0,0,0,0,3,18,0,2
eChild #487,0,0,0,0,0,0,0,0,0,1,0,0,2
eChild #488,0,0,0,1,0,0,0,0,0,0,11,0,0
eChild #489,0,0,0,1,0,0,0,0,0,1,9,0,2
eChild #490,0,0,0,0,0,0,0,0,0,3,19,0,3
eChild #491,0,0,0,0,0,0,0,0,0,12,0,0,4
eChild #492,0,0,0,0,0,0,0,0,0,4,9,0,3
eChild #493,0,0,0,6,0,0,0,0,0,3,12,0,0
eChild #494,0,0,0,0,0,0,0,0,0,2,28,0,2
eChild #495,0,0,0,1,0,0,0,0,0,9,3,0,5
eChild #496,0,0,0,0,0,0,0,0,0,0,7,0,1
eChild #497,0,0,0,0,0,0,0,0,0,4,0,0,2
eChild #498,0,0,0,3,0,0,0,0,0,2,0,0,1
eChild #499,0,0,0,1,0,0,0,0,0,1,42,0,0
eChild #500,0,0,0,3,0,0,0,0,0,6,4,0,0
eChild #501,0,0,0,1,0,0,0,0,0,0,23,0,0
eChild #502,0,0,0,0,0,0,0,0,0,1,6,0,2
eChild #503,0,0,0,2,0,0,0,0,0,2,9,0,6
eChild #504,0,0,0,0,0,0,0,0,0,1,8,0,1
eChild #505,0,0,0,1,0,0,0,0,0,0,8,0,0
eChild #506,0,0,0,4,0,0,0,0,0,1,10,0,0
eChild #507,0,0,0,0,0,0,0,0,0,1,0,0,2
eChild #508,0,0,0,4,0,0,0,0,0,0,23,0,0
eChild #509,0,0,0,0,0,0,0,0,0,0,11,0,1
eChild #510,0,0,0,0,0,0,0,0,0,3,8,0,4
eChild #511,0,0,0,0,0,0,0,0,0,0,1,0,7
eChild #512,0,0,0,1,0,0,0,0,0,3,4,0,0
eChild #513,0,0,0,1,0,0,0,0,0,7,12,0,0
eChild #514,0,0,0,0,0,0,0,0,0,3,20,0,4
eChild #515,0,0,0,0,0,0,0,0,0,3,45,0,1
eChild #516,0,0,0,0,0,0,0,0,0,2,10,0,2
eChild #517,0,0,0,6,0,0,0,0,0,5,34,0,0
eChild #518,0,0,0,0,0,0,0,0,0,21,43,0,2
eChild #519,0,0,0,0,0,0,0,0,0,1,24,0,2
eChild #520,0,0,0,0,0,0,0,0,0,11,9,0,1
eChild #521,0,0,0,2,0,0,0,0,0,21,8,0,0
eChild #522,0,0,0,2,0,0,0,0,0,5,3,0,1
eChild #523,0,0,0,0,0,0,0,0,0,11,1,0,2
eChild #524,0,0,0,0,0,0,0,0,0,11,0,0,1
eChild #525,0,0,0,0,0,0,0,0,0,2,1,0,6
eChild #526,0,0,0,0,0,0,0,0,0,3,2,0,1
eChild #527,0,0,0,0,0,0,0,0,0,13,11,0,1
eChild #528,0,0,0,0,0,0,0,0,0,0,3,0,2
eChild #529,0,0,0,2,0,0,0,0,0,1,2,0,0
eChild #530,0,0,0,0,0,0,0,0,0,0,42,0,1
eChild #531,0,0,0,0,0,0,0,0,0,0,11,0,5
eChild #532,0,0,0,1,0,0,0,0,0,1,5,0,0
eChild #533,0,0,0,2,0,0,0,0,0,8,22,0,0
eChild #534,0,0,0,0,0,0,0,0,0,9,1,0,4
eChild #535,0,0,0,0,0,0,0,0,0,2,6,0,1
eChild #536,0,0,0,0,0,0,0,0,0,0,8,0,2
eChild #537,0,0,0,0,0,0,0,0,0,2,9,0,1
eChild #538,0,0,0,1,0,0,0,0,0,0,3,0,0
eChild #539,0,0,0,0,0,0,0,0,0,2,15,0,3
eChild #540,0,0,0,0,0,0,0,0,0,14,2,0,1
eChild #541,0,0,0,2,0,0,0,0,0,4,23,0,0
eChild #542,0,0,0,2,0,0,0,0,0,1,8,0,0
eChild #543,0,0,0,0,0,0,0,0,0,0,27,0,5
eChild #544,0,0,0,0,0,0,0,0,0,4,15,0,1
eChild #545,0,0,0,4,0,0,0,0,0,7,8,0,0
eChild #546,0,0,0,0,0,0,0,0,0,13,4,0,1
eChild #547,0,0,0,0,0,0,0,0,0,14,2,0,1
eChild #548,0,0,0,1,0,0,0,0,0,1,22,0,0
eChild #549,0,0,0,1,0,0,0,0,0,1,22,0,0
eChild #550,0,0,0,2,0,0,0,0,0,4,2,0,0
eChild #551,0,0,0,5,0,0,0,0,0,12,1,0,0
eChild #552,0,0,0,0,0,0,0,0,0,6,2,0,1
eChild #553,0,0,0,0,0,0,0,0,0,0,21,0,1
eChild #554,0,0,0,5,0,0,0,0,0,0,6,0,0
eChild #555,0,0,0,3,0,0,0,0,0,8,1,0,0
eChild #556,0,0,0,1,0,0,0,0,0,7,13,0,6
eChild #557,0,0,0,0,0,0,0,0,0,6,8,0,2
eChild #558,0,0,0,0,0,0,0,0,0,8,0,0,1
eChild #559,0,0,0,0,0,0,0,0,0,7,19,0,2
eChild #560,0,0,0,3,0,0,0,0,0,3,18,0,0
eChild #561,0,0,0,0,0,0,0,0,0,1,11,0,2
eChild #562,0,0,0,0,0,0,0,0,0,1,18,0,3
eChild #563,0,0,0,0,0,0,0,0,0,7,2,0,5
eChild #564,0,0,0,5,0,0,0,0,0,3,2,0,0
eChild #565,0,0,0,0,0,0,0,0,0,18,0,0,1
eChild #566,0,0,0,1,0,0,0,0,0,4,7,0,0
eChild #567,0,0,0,2,0,0,0,0,0,0,8,0,0
eChild #568,0,0,0,0,0,0,0,0,0,1,9,0,1
eChild #569,0,0,0,0,0,0,0,0,0,2,1,0,3
eChild #570,0,0,0,0,0,0,0,0,0,8,39,0,1
eChild #571,0,0,0,5,0,0,0,0,0,29,2,0,0
eChild #572,0,0,0,3,0,0,0,0,0,2,16,0,0
eChild #573,0,0,0,0,0,0,0,0,0,3,15,0,2
eChild #574,0,0,0,0,0,0,0,0,0,3,31,0,2
eChild #575,0,0,0,5,0,0,0,0,0,0,13,0,0
eChild #576,0,0,0,1,0,0,0,0,0,15,1,0,0
eChild #577,0,0,0,0,0,0,0,0,0,1,5,0,1
eChild #578,0,0,0,2,0,0,0,0,0,0,7,0,0
eChild #579,0,0,0,0,0,0,0,0,0,0,12,0,7
eChild #580,0,0,0,1,0,0,0,0,0,0,27,0,0
eChild #581,0,0,0,1,0,0,0,0,0,2,12,0,0
eChild #582,0,0,0,2,0,0,0,0,0,1,10,0,0
eChild #583,0,0,0,1,0,0,0,0,0,4,5,0,0
eChild #584,0,0,0,1,0,0,0,0,0,1,0,0,2
eChild #585,0,0,0,0,0,0,0,0,0,0,9,0,1
eChild #586,0,0,0,0,0,0,0,0,0,0,1,0,5
eChild #587,0,0,0,1,0,0,0,0,0,12,7,0,3
eChild #588,0,0,0,0,0,0,0,0,0,1,8,0,1
eChild #589,0,0,0,0,0,0,0,0,0,2,45,0,1
eChild #590,0,0,0,0,0,0,0,0,0,5,10,0,3
eChild #591,0,0,0,1,0,0,0,0,0,1,9,0,0
eChild #592,0,0,0,1,0,0,0,0,0,3,0,0,2
eChild #593,0,0,0,4,0,0,0,0,0,8,44,0,0
eChild #594,0,0,0,0,0,0,0,0,0,3,22,0,1
eChild #595,0,0,0,0,0,0,0,0,0,14,2,0,1
eChild #596,0,0,0,0,0,0,0,0,0,5,29,0,2
eChild #597,0,0,0,2,0,0,0,0,0,6,1,0,0
eChild #598,0,0,0,0,0,0,0,0,0,0,7,0,1
eChild #599,0,0,0,0,0,0,0,0,0,14,21,0,3
eChild #600,0,0,0,0,0,0,0,0,0,7,0,0,3
eChild #601,0,0,0,0,0,0,0,0,0,0,9,0,4
eChild #602,0,0,0,0,0,0,0,0,0,1,20,0,3
eChild #603,0,0,0,0,0,0,0,0,0,1,3,0,1
eChild #604,0,0,0,0,0,0,0,0,0,4,18,0,2
eChild #605,0,0,0,0,0,0,0,0,0,4,1,0,5
eChild #606,0,0,0,3,0,0,0,0,0,4,8,0,0
eChild #607,0,0,0,1,0,0,0,0,0,2,10,0,0
eChild #608,0,0,0,1,0,0,0,0,0,7,3,0,0
eChild #609,0,0,0,0,0,0,0,0,0,5,0,0,2
eChild #610,0,0,0,1,0,0,0,0,0,9,16,0,0
eChild #611,0,0,0,0,0,0,0,0,0,3,0,0,1
eChild #612,0,0,0,1,0,0,0,0,0,0,12,0,0
eChild #613,0,0,0,1,0,0,0,0,0,5,1,0,3
eChild #614,0,0,0,0,0,0,0,0,0,3,0,0,1
eChild #615,0,0,0,0,0,0,0,0,0,3,4,0,1
eChild #616,0,0,0,1,0,0,0,0,0,7,6,0,0
eChild #617,0,0,0,1,0,0,0,0,0,3,4,0,0
eChild #618,0,0,0,2,0,0,0,0,0,1,16,0,0
eChild #619,0,0,0,0,0,0,0,0,0,3,2,0,1
eChild #620,0,0,0,0,0,0,0,0,0,5,1,0,2
eChild #621,0,0,0,0,0,0,0,0,0,1,0,0,3
eChild #622,0,0,0,4,0,0,0,0,0,1,66,0,0
eChild #623,0,0,0,0,0,0,0,0,0,5,2,0,4
eChild #624,0,0,0,0,0,0,0,0,0,0,2,0,1
eChild #625,0,0,0,0,0,0,0,0,0,1,14,0,1
eChild #626,0,0,0,2,0,0,0,0,0,6,3,0,0
eChild #627,0,0,0,4,0,0,0,0,0,7,0,0,1
eChild #628,0,0,0,4,0,0,0,0,0,1,15,0,0
eChild #629,0,0,0,1,0,0,0,0,0,7,16,0,0
eChild #630,0,0,0,4,0,0,0,0,0,2,26,0,0
eChild #631,0,0,0,0,0,0,0,0,0,11,7,0,2
eChild #632,0,0,0,2,0,0,0,0,0,5,15,0,0
eChild #633,0,0,0,0,0,0,0,0,0,24,5,0,1
eChild #634,0,0,0,2,0,0,0,0,0,2,5,0,0
eChild #635,0,0,0,1,0,0,0,0,0,0,9,0,0
eChild #636,0,0,0,0,0,0,0,0,0,8,22,0,2
eChild #637,0,0,0,1,0,0,0,0,0,2,7,0,0
eChild #638,0,0,0,0,0,0,0,0,0,6,5,0,1
eChild #639,0,0,0,1,0,0,0,0,0,1,16,0,0
eChild #640,0,0,0,1,0,0,0,0,0,0,5,0,0
eChild #641,0,0,0,2,0,0,0,0,0,10,2,0,0
eChild #642,0,0,0,1,0,0,0,0,0,5,2,0,0
eChild #643,0,0,0,0,0,0,0,0,0,17,3,0,2
eChild #644,0,0,0,0,0,0,0,0,0,18,33,0,1
eChild #645,0,0,0,0,0,0,0,0,0,10,5,0,3
eChild #646,0,0,0,0,0,0,0,0,0,9,12,0,1
eChild #647,0,0,0,1,0,0,0,0,0,5,1,0,0
eChild #648,0,0,0,0,0,0,0,0,0,3,1,0,6
eChild #649,0,0,0,0,0,0,0,0,0,6,7,0,5
eChild #650,0,0,0,1,0,0,0,0,0,11,5,0,0
eChild #651,0,0,0,2,0,0,0,0,0,1,3,0,0
eChild #652,0,0,0,0,0,0,0,0,0,2,5,0,1
eChild #653,0,0,0,0,0,0,0,0,0,4,6,0,3
eChild #654,0,0,0,0,0,0,0,0,0,0,4,0,1
eChild #655,0,0,0,0,0,0,0,0,0,5,9,0,1
eChild #656,0,0,0,3,0,0,0,0,0,6,5,0,0
eChild #657,0,0,0,1,0,0,0,0,0,4,5,0,0
eChild #658,0,0,0,0,0,0,0,0,0,16,17,0,2
eChild #659,0,0,0,0,0,0,0,0,0,18,1,0,3
eChild #660,0,0,0,4,0,0,0,0,0,11,22,0,1
eChild #661,0,0,0,0,0,0,0,0,0,8,10,0,2
eChild #662,0,0,0,0,0,0,0,0,0,1,2,0,5
eChild #663,0,0,0,0,0,0,0,0,0,1,9,0,2
eChild #664,0,0,0,0,0,0,0,0,0,3,7,0,2
eChild #665,0,0,0,0,0,0,0,0,0,0,23,0,2
eChild #666,0,0,0,2,0,0,0,0,0,0,4,0,1
eChild #667,0,0,0,2,0,0,0,0,0,6,3,0,0
eChild #668,0,0,0,2,0,0,0,0,0,4,9,0,0
eChild #669,0,0,0,1,0,0,0,0,0,1,21,0,8
eChild #670,0,0,0,2,0,0,0,0,0,1,0,0,1
eChild #671,0,0,0,2,0,0,0,0,0,1,6,0,0
eChild #672,0,0,0,0,0,0,0,0,0,0,7,0,2
eChild #673,0,0,0,1,0,0,0,0,0,0,1,0,0
eChild #674,0,0,0,1,0,0,0,0,0,0,8,0,0
eChild #675,0,0,0,0,0,0,0,0,0,0,1,0,4
eChild #676,0,0,0,2,0,0,0,0,0,1,16,0,1
eChild #677,0,0,0,1,0,0,0,0,0,6,2,0,0
eChild #678,0,0,0,1,0,0,0,0,0,1,24,0,0
eChild #679,0,0,0,0,0,0,0,0,0,5,9,0,1
eChild #680,0,0,0,1,0,0,0,0,0,2,12,0,0
eChild #681,0,0,0,1,0,0,0,0,0,7,1,0,0
eChild #682,0,0,0,3,0,0,0,0,0,1,6,0,0
eChild #683,0,0,0,0,0,0,0,0,0,1,0,0,8
eChild #684,0,0,0,0,0,0,0,0,0,0,7,0,1
eChild #685,0,0,0,0,0,0,0,0,0,10,4,0,1
eChild #686,0,0,0,5,0,0,0,0,0,2,3,0,0
eChild #687,0,0,0,4,0,0,0,0,0,5,41,0,0
eChild #688,0,0,0,0,0,0,0,0,0,1,25,0,5
eChild #689,0,0,0,2,0,0,0,0,0,2,12,0,0
eChild #690,0,0,0,1,0,0,0,0,0,3,2,0,0
eChild #691,0,0,0,2,0,0,0,0,0,8,47,0,0
eChild #692,0,0,0,0,0,0,0,0,0,1,0,0,1
eChild #693,0,0,0,0,0,0,0,0,0,1,8,0,3
eChild #694,0,0,0,1,0,0,0,0,0,1,2,0,0
eChild #695,0,0,0,0,0,0,0,0,0,0,2,0,6
eChild #696,0,0,0,1,0,0,0,0,0,12,2,0,0
eChild #697,0,0,0,0,0,0,0,0,0,0,11,0,3
eChild #698,0,0,0,2,0,0,0,0,0,1,30,0,0
eChild #699,0,0,0,3,0,0,0,0,0,0,23,0,0
eChild #700,0,0,0,0,0,0,0,0,0,1,20,0,1
eChild #701,0,0,0,1,0,0,0,0,0,10,53,0,4
eChild #702,0,0,0,0,0,0,0,0,0,0,10,0,5
eChild #703,0,0,0,0,0,0,0,0,0,13,9,0,1
eChild #704,0,0,0,0,0,0,0,0,0,4,0,0,1
eChild #705,0,0,0,0,0,0,0,0,0,3,5,0,2
eChild #706,0,0,0,0,0,0,0,0,0,4,5,0,2
eChild #707,0,0,0,0,0,0,0,0,0,4,15,0,1
eChild #708,0,0,0,0,0,0,0,0,0,11,19,0,1
eChild #709,0,0,0,3,0,0,0,0,0,4,0,0,1
eChild #710,0,0,0,0,0,0,0,0,0,1,17,0,4
eChild #711,0,0,0,2,0,0,0,0,0,3,8,0,0
eChild #712,0,0,0,0,0,0,0,0,0,1,13,0,3
eChild #713,0,0,0,0,0,0,0,0,0,12,2,0,1
eChild #714,0,0,0,0,0,0,0,0,0,2,8,0,1
eChild #715,0,0,0,0,0,0,0,0,0,2,1,0,3
eChild #716,0,0,0,0,0,0,0,0,0,9,15,0,1
eChild #717,0,0,0,1,0,0,0,0,0,21,26,0,0
eChild #718,0,0,0,2,0,0,0,0,0,17,4,0,0
eChild #719,0,0,0,1,0,0,0,0,0,6,8,0,0
eChild #720,0,0,0,1,0,0,0,0,0,9,14,0,0
eChild #721,0,0,0,1,0,0,0,0,0,3,11,0,0
eChild #722,0,0,0,0,0,0,0,0,0,2,21,0,2
eChild #723,0,0,0,0,0,0,0,0,0,0,17,0,5
eChild #724,0,0,0,0,0,0,0,0,0,0,25,0,5
eChild #725,0,0,0,0,0,0,0,0,0,1,18,0,1
eChild #726,0,0,0,0,0,0,0,0,0,0,8,0,2
eChild #727,0,0,0,0,0,0,0,0,0,0,3,0,1
eChild #728,0,0,0,0,0,0,0,0,0,5,3,0,1
eChild #729,0,0,0,0,0,0,0,0,0,0,7,0,2
eChild #730,0,0,0,0,0,0,0,0,0,0,6,0,3
eChild #731,0,0,0,2,0,0,0,0,0,4,6,0,0
eChild #732,0,0,0,1,0,0,0,0,0,11,14,0,0
eChild #733,0,0,0,0,0,0,0,0,0,0,17,0,3
eChild #734,0,0,0,0,0,0,0,0,0,7,5,0,4
eChild #735,0,0,0,1,0,0,0,0,0,7,13,0,6
eChild #736,0,0,0,0,0,0,0,0,0,1,4,0,2
eChild #737,0,0,0,0,0,0,0,0,0,14,3,0,1
eChild #738,0,0,0,0,0,0,0,0,0,2,29,0,1
eChild #739,0,0,0,6,0,0,0,0,0,4,10,0,0
eChild #740,0,0,0,2,0,0,0,0,0,6,19,0,0
eChild #741,0,0,0,0,0,0,0,0,0,13,24,0,1
eChild #742,0,0,0,0,0,0,0,0,0,5,3,0,1
eChild #743,0,0,0,0,0,0,0,0,0,0,1,0,2
eChild #744,0,0,0,0,0,0,0,0,0,12,4,0,1
eChild #745,0,0,0,1,0,0,0,0,0,10,30,0,0
eChild #746,0,0,0,0,0,0,0,0,0,4,20,0,1
eChild #747,0,0,0,1,0,0,0,0,0,1,20,0,0
eChild #748,0,0,0,0,0,0,0,0,0,0,1,0,9
eChild #749,0,0,0,0,0,0,0,0,0,4,7,0,1
eChild #750,0,0,0,3,0,0,0,0,0,1,3,0,0
eChild #751,0,0,0,2,0,0,0,0,0,0,5,0,0
eChild #752,0,0,0,1,0,0,0,0,0,0,8,0,0
eChild #753,0,0,0,0,0,0,0,0,0,8,2,0,6
eChild #754,0,0,0,0,0,0,0,0,0,1,2,0,5
eChild #755,0,0,0,3,0,0,0,0,0,1,21,0,0
eChild #756,0,0,0,0,0,0,0,0,0,1,0,0,1
eChild #757,0,0,0,0,0,0,0,0,0,0,13,0,3
eChild #758,0,0,0,0,0,0,0,0,0,2,4,0,2
eChild #759,0,0,0,3,0,0,0,0,0,3,5,0,0
eChild #760,0,0,0,0,0,0,0,0,0,6,39,0,2
eChild #761,0,0,0,1,0,0,0,0,0,3,10,0,0
eChild #762,0,0,0,7,0,0,0,0,0,0,8,0,0
eChild #763,0,0,0,2,0,0,0,0,0,2,6,0,0
eChild #764,0,0,0,0,0,0,0,0,0,3,6,0,1
eChild #765,0,0,0,1,0,0,0,0,0,2,11,0,0
eChild #766,0,0,0,0,0,0,0,0,0,6,3,0,1
eChild #767,0,0,0,6,0,0,0,0,0,0,3,0,0
eChild #768,0,0,0,0,0,0,0,0,0,1,2,0,3
eChild #769,0,0,0,2,0,0,0,0,0,1,2,0,0
eChild #770,0,0,0,0,0,0,0,0,0,16,0,0,3
eChild #771,0,0,0,1,0,0,0,0,0,1,9,0,0
eChild #772,0,0,0,2,0,0,0,0,0,1,2,0,0
eChild #773,0,0,0,0,0,0,0,0,0,2,16,0,3
eChild #774,0,0,0,0,0,0,0,0,0,0,5,0,1
eChild #775,0,0,0,0,0,0,0,0,0,1,6,0,1
eChild #776,0,0,0,0,0,0,0,0,0,2,0,0,1
eChild #777,0,0,0,0,0,0,0,0,0,9,5,0,1
eChild #778,0,0,0,5,0,0,0,0,0,0,10,0,0
eChild #779,0,0,0,0,0,0,0,0,0,4,10,0,1
eChild #780,0,0,0,0,0,0,0,0,0,8,2,0,1
eChild #781,0,0,0,0,0,0,0,0,0,6,0,0,1
eChild #782,0,0,0,0,0,0,0,0,0,0,26,0,7
eChild #783,0,0,0,0,0,0,0,0,0,2,23,0,1
eChild #784,0,0,0,2,0,0,0,0,0,3,6,0,0
eChild #785,0,0,0,3,0,0,0,0,0,3,27,0,0
eChild #786,0,0,0,3,0,0,0,0,0,5,3,0,0
eChild #787,0,0,0,0,0,0,0,0,0,7,4,0,1
eChild #788,0,0,0,2,0,0,0,0,0,2,11,0,0
eChild #789,0,0,0,0,0,0,0,0,0,4,0,0,4
eChild #790,0,0,0,2,0,0,0,0,0,5,49,0,1
eChild #791,0,0,0,0,0,0,0,0,0,3,7,0,1
eChild #792,0,0,0,1,0,0,0,0,0,0,7,0,0
eChild #793,0,0,0,2,0,0,0,0,0,4,17,0,0
eChild #794,0,0,0,0,0,0,0,0,0,5,7,0,2
eChild #795,0,0,0,1,0,0,0,0,0,1,6,0,0
eChild #796,0,0,0,4,0,0,0,0,0,13,6,0,0
eChild #797,0,0,0,2,0,0,0,0,0,4,0,0,1
eChild #798,0,0,0,0,0,0,0,0,0,1,2,0,5
eChild #799,0,0,0,2,0,0,0,0,0,2,0,0,5
eChild #800,0,0,0,3,0,0,0,0,0,0,10,0,0
eChild #801,0,0,0,1,0,0,0,0,0,5,36,0,0
eChild #802,0,0,0,0,0,0,0,0,0,1,9,0,3
eChild #803,0,0,0,0,0,0,0,0,0,6,30,0,3
eChild #804,0,0,0,0,0,0,0,0,0,1,2,0,1
eChild #805,0,0,0,0,0,0,0,0,0,1,0,0,1
eChild #806,0,0,0,1,0,0,0,0,0,3,8,0,0
eChild #807,0,0,0,0,0,0,0,0,0,3,6,0,2
eChild #808,0,0,0,0,0,0,0,0,0,1,8,0,3
eChild #809,0,0,0,0,0,0,0,0,0,7,6,0,2
eChild #810,0,0,0,1,0,0,0,0,0,0,4,0,0
eChild #811,0,0,0,1,0,0,0,0,0,0,11,0,0
eChild #812,0,0,0,0,0,0,0,0,0,10,29,0,1
eChild #813,0,0,0,2,0,0,0,0,0,5,2,0,0
eChild #814,0,0,0,0,0,0,0,0,0,8,5,0,3
eChild #815,0,0,0,1,0,0,0,0,0,6,2,0,0
eChild #816,0,0,0,1,0,0,0,0,0,9,12,0,0
eChild #817,0,0,0,0,0,0,0,0,0,4,8,0,6
eChild #818,0,0,0,1,0,0,0,0,0,9,0,0,3
eChild #819,0,0,0,1,0,0,0,0,0,12,6,0,0
eChild #820,0,0,0,0,0,0,0,0,0,0,4,0,5
eChild #821,0,0,0,0,0,0,0,0,0,2,7,0,2
eChild #822,0,0,0,0,0,0,0,0,0,5,34,0,3
eChild #823,0,0,0,1,0,0,0,0,0,2,1,0,0
eChild #824,0,0,0,0,0,0,0,0,0,0,5,0,1
eChild #825,0,0,0,1,0,0,0,0,0,2,1,0,0
eChild #826,0,0,0,1,0,0,0,0,0,0,4,0,5
eChild #827,0,0,0,0,0,0,0,0,0,0,1,0,4
eChild #828,0,0,0,1,0,0,0,0,0,3,15,0,0
eChild #829,0,0,0,2,0,0,0,0,0,12,6,0,0
eChild #830,0,0,0,0,0,0,0,0,0,5,6,0,2
eChild #831,0,0,0,0,0,0,0,0,0,0,23,0,1
eChild #832,0,0,0,0,0,0,0,0,0,2,9,0,3
eChild #833,0,0,0,1,0,0,0,0,0,2,1,0,0
eChild #834,0,0,0,0,0,0,0,0,0,8,2,0,3
eChild #835,0,0,0,0,0,0,0,0,0,2,4,0,9
eChild #836,0,0,0,0,0,0,0,0,0,3,0,0,2
eChild #837,0,0,0,0,0,0,0,0,0,6,27,0,1
eChild #838,0,0,0,0,0,0,0,0,0,2,9,0,1
eChild #839,0,0,0,0,0,0,0,0,0,1,8,0,2
eChild #840,0,0,0,2,0,0,0,0,0,0,8,0,0
eChild #841,0,0,0,0,0,0,0,0,0,0,1,0,2
eChild #842,0,0,0,3,0,0,0,0,0,1,9,0,0
eChild #843,0,0,0,0,0,0,0,0,0,1,13,0,1
eChild #844,0,0,0,0,0,0,0,0,0,6,0,0,4
eChild #845,0,0,0,0,0,0,0,0,0,3,2,0,1
eChild #846,0,0,0,1,0,0,0,0,0,8,5,0,0
eChild #847,0,0,0,0,0,0,0,0,0,1,0,0,3
eChild #848,0,0,0,0,0,0,0,0,0,1,2,0,3
eChild #849,0,0,0,0,0,0,0,0,0,5,9,0,6
eChild #850,0,0,0,1,0,0,0,0,0,5,1,0,3
eChild #851,0,0,0,1,0,0,0,0,0,0,20,0,0
eChild #852,0,0,0,0,0,0,0,0,0,9,10,0,3
eChild #853,0,0,0,0,0,0,0,0,0,16,14,0,1
eChild #854,0,0,0,0,0,0,0,0,0,2,0,0,3
eChild #855,0,0,0,1,0,0,0,0,0,2,11,0,0
eChild #856,0,0,0,0,0,0,0,0,0,1,10,0,1
eChild #857,0,0,0,0,0,0,0,0,0,10,13,0,1
eChild #858,0,0,0,0,0,0,0,0,0,0,2,0,3
eChild #859,0,0,0,1,0,0,0,0,0,2,7,0,0
eChild #860,0,0,0,0,0,0,0,0,0,0,16,0,7
eChild #861,0,0,0,0,0,0,0,0,0,3,2,0,3
eChild #862,0,0,0,0,0,0,0,0,0,0,7,0,2
eChild #863,0,0,0,0,0,0,0,0,0,11,4,0,3
eChild #864,0,0,0,0,0,0,0,0,0,1,6,0,2
eChild #865,0,0,0,0,0,0,0,0,0,8,4,0,5
eChild #866,0,0,0,1,0,0,0,0,0,0,1,0,2
eChild #867,0,0,0,3,0,0,0,0,0,3,7,0,0
eChild #868,0,0,0,4,0,0,0,0,0,9,5,0,0
eChild #869,0,0,0,6,0,0,0,0,0,4,8,0,0
eChild #870,0,0,0,2,0,0,0,0,0,1,10,0,0
eChild #871,0,0,0,0,0,0,0,0,0,3,0,0,1
eChild #872,0,0,0,0,0,0,0,0,0,4,9,0,3
eChild #873,0,0,0,0,0,0,0,0,0,7,21,0,1
eChild #874,0,0,0,1,0,0,0,0,0,7,3,0,0
eChild #875,0,0,0,2,0,0,0,0,0,1,2,0,1
eChild #876,0,0,0,0,0,0,0,0,0,3,2,0,3
eChild #877,0,0,0,0,0,0,0,0,0,4,28,0,3
eChild #878,0,0,0,6,0,0,0,0,0,0,2,0,0
eChild #879,0,0,0,0,0,0,0,0,0,3,2,0,1
eChild #880,0,0,0,1,0,0,0,0,0,4,14,0,0
eChild #881,0,0,0,1,0,0,0,0,0,2,8,0,0
eChild #882,0,0,0,0,0,0,0,0,0,1,0,0,4
eChild #883,0,0,0,1,0,0,0,0,0,0,14,0,0
eChild #884,0,0,0,1,0,0,0,0,0,9,14,0,0
eChild #885,0,0,0,0,0,0,0,0,0,1,21,0,4
eChild #886,0,0,0,0,0,0,0,0,0,9,5,0,3
eChild #887,0,0,0,2,0,0,0,0,0,0,6,0,0
eChild #888,0,0,0,0,0,0,0,0,0,6,0,0,1
eChild #889,0,0,0,1,0,0,0,0,0,8,2,0,3
eChild #890,0,0,0,1,0,0,0,0,0,14,1,0,0
eChild #891,0,0,0,3,0,0,0,0,0,5,23,0,0
eChild #892,0,0,0,1,0,0,0,0,0,2,3,0,0
eChild #893,0,0,0,0,0,0,0,0,0,3,8,0,6
eChild #894,0,0,0,3,0,0,0,0,0,4,7,0,1
eChild #895,0,0,0,1,0,0,0,0,0,5,1,0,0
eChild #896,0,0,0,0,0,0,0,0,0,1,20,0,2
eChild #897,0,0,0,0,0,0,0,0,0,0,19,0,3
eChild #898,0,0,0,0,0,0,0,0,0,0,19,0,3
eChild #899,0,0,0,1,0,0,0,0,0,4,1,0,0
eChild #900,0,0,0,0,0,0,0,0,0,1,13,0,2
eChild #901,0,0,0,1,0,0,0,0,0,4,7,0,0
eChild #902,0,0,0,1,0,0,0,0,0,0,25,0,0
eChild #903,0,0,0,2,0,0,0,0,0,6,7,0,0
eChild #904,0,0,0,1,0,0,0,0,0,1,14,0,0
eChild #905,0,0,0,2,0,0,0,0,0,1,32,0,1
eChild #906,0,0,0,0,0,0,0,0,0,0,33,0,1
eChild #907,0,0,0,0,0,0,0,0,0,3,2,0,1
eChild #908,0,0,0,1,0,0,0,0,0,13,4,0,0
eChild #909,0,0,0,2,0,0,0,0,0,7,5,0,0
eChild #910,0,0,0,0,0,0,0,0,0,2,4,0,2
eChild #911,0,0,0,0,0,0,0,0,0,0,14,0,4
eChild #912,0,0,0,0,0,0,0,0,0,0,6,0,2
eChild #913,0,0,0,0,0,0,0,0,0,14,6,0,1
eChild #914,0,0,0,3,0,0,0,0,0,6,22,0,0
eChild #915,0,0,0,3,0,0,0,0,0,6,4,0,0
eChild #916,0,0,0,0,0,0,0,0,0,2,5,0,1
eChild #917,0,0,0,2,0,0,0,0,0,5,31,0,0
eChild #918,0,0,0,1,0,0,0,0,0,4,3,0,0
eChild #919,0,0,0,0,0,0,0,0,0,1,5,0,7
eChild #920,0,0,0,1,0,0,0,0,0,0,3,0,2
eChild #921,0,0,0,0,0,0,0,0,0,4,3,0,1
eChild #922,0,0,0,0,0,0,0,0,0,9,22,0,6
eChild #923,0,0,0,0,0,0,0,0,0,1,2,0,7
eChild #924,0,0,0,0,0,0,0,0,0,1,0,0,1
eChild #925,0,0,0,4,0,0,0,0,0,12,14,0,0
eChild #926,0,0,0,1,0,0,0,0,0,12,7,0,0
eChild #927,0,0,0,0,0,0,0,0,0,34,3,0,2
eChild #928,0,0,0,2,0,0,0,0,0,2,4,0,1
eChild #929,0,0,0,0,0,0,0,0,0,1,14,0,4
eChild #930,0,0,0,0,0,0,0,0,0,0,5,0,1
eChild #931,0,0,0,0,0,0,0,0,0,1,16,0,1
eChild #932,0,0,0,1,0,0,0,0,0,0,4,0,0
eChild #933,0,0,0,2,0,0,0,0,0,1,13,0,0
eChild #934,0,0,0,0,0,0,0,0,0,3,6,0,2
eChild #935,0,0,0,1,0,0,0,0,0,1,7,0,0
eChild #936,0,0,0,0,0,0,0,0,0,2,18,0,2
eChild #937,0,0,0,0,0,0,0,0,0,3,15,0,1
eChild #938,0,0,0,0,0,0,0,0,0,8,4,0,2
eChild #939,0,0,0,0,0,0,0,0,0,0,9,0,2
eChild #940,0,0,0,0,0,0,0,0,0,0,7,0,2
eChild #941,0,0,0,0,0,0,0,0,0,1,19,0,1
eChild #942,0,0,0,0,0,0,0,0,0,6,2,0,6
eChild #943,0,0,0,1,0,0,0,0,0,5,17,0,0
eChild #944,0,0,0,2,0,0,0,0,0,4,0,0,4
eChild #945,0,0,0,0,0,0,0,0,0,0,4,0,2
eChild #946,0,0,0,1,0,0,0,0,0,6,3,0,0
eChild #947,0,0,0,0,0,0,0,0,0,4,5,0,1
eChild #948,0,0,0,0,0,0,0,0,0,1,3,0,1
eChild #949,0,0,0,1,0,0,0,0,0,6,0,0,2
eChild #950,0,0,0,0,0,0,0,0,0,5,20,0,2
eChild #951,0,0,0,1,0,0,0,0,0,6,26,0,0
eChild #952,0,0,0,0,0,0,0,0,0,2,8,0,7
eChild #953,0,0,0,1,0,0,0,0,0,4,0,0,3
eChild #954,0,0,0,0,0,0,0,0,0,6,19,0,1
eChild #955,0,0,0,0,0,0,0,0,0,7,1,0,4
eChild #956,0,0,0,0,0,0,0,0,0,9,32,0,1
eChild #957,0,0,0,0,0,0,0,0,0,2,11,0,1
eChild #958,0,0,0,2,0,0,0,0,0,10,9,0,0
eChild #959,0,0,0,3,0,0,0,0,0,7,14,0,0
eChild #960,0,0,0,0,0,0,0,0,0,1,11,0,1
eChild #961,0,0,0,1,0,0,0,0,0,1,24,0,0
eChild #962,0,0,0,0,0,0,0,0,0,0,10,0,1
eChild #963,0,0,0,0,0,0,0,0,0,0,4,0,1
eChild #964,0,0,0,0,0,0,0,0,0,17,1,0,3
eChild #965,0,0,0,1,0,0,0,0,0,5,8,0,0
eChild #966,0,0,0,0,0,0,0,0,0,6,2,0,5
eChild #967,0,0,0,0,0,0,0,0,0,5,15,0,1
eChild #968,0,0,0,2,0,0,0,0,0,0,30,0,0
eChild #969,0,0,0,4,0,0,0,0,0,0,7,0,0
eChild #970,0,0,0,0,0,0,0,0,0,1,0,0,2
eChild #971,0,0,0,0,0,0,0,0,0,3,13,0,1
eChild #972,0,0,0,1,0,0,0,0,0,6,3,0,0
eChild #973,0,0,0,0,0,0,0,0,0,2,11,0,6
eChild #974,0,0,0,2,0,0,0,0,0,0,2,0,0
eChild #975,0,0,0,0,0,0,0,0,0,7,17,0,2
eChild #976,0,0,0,1,0,0,0,0,0,1,8,0,0
eChild #977,0,0,0,1,0,0,0,0,0,0,23,0,0
eChild #978,0,0,0,0,0,0,0,0,0,0,10,0,2
eChild #979,0,0,0,1,0,0,0,0,0,0,6,0,0
eChild #980,0,0,0,0,0,0,0,0,0,8,1,0,3
eChild #981,0,0,0,1,0,0,0,0,0,0,12,0,0
eChild #982,0,0,0,4,0,0,0,0,0,12,5,0,0
eChild #983,0,0,0,2,0,0,0,0,0,3,0,0,1
eChild #984,0,0,0,0,0,0,0,0,0,2,15,0,2
eChild #985,0,0,0,0,0,0,0,0,0,5,1,0,2
eChild #986,0,0,0,0,0,0,0,0,0,16,7,0,1
eChild #987,0,0,0,1,0,0,0,0,0,5,1,0,0
eChild #988,0,0,0,1,0,0,0,0,0,0,7,0,0
eChild #989,0,0,0,0,0,0,0,0,0,3,9,0,2
eChild #990,0,0,0,0,0,0,0,0,0,0,8,0,2
eChild #991,0,0,0,1,0,0,0,0,0,5,1,0,0
eChild #992,0,0,0,1,0,0,0,0,0,6,11,0,5
eChild #993,0,0,0,1,0,0,0,0,0,1,6,0,0
eChild #994,0,0,0,1,0,0,0,0,0,2,1,0,0
eChild #995,0,0,0,0,0,0,0,0,0,2,6,0,4
eChild #996,0,0,0,8,0,0,0,0,0,2,21,0,0
eChild #997,0,0,0,0,0,0,0,0,0,3,30,0,8
eChild #998,0,0,0,3,0,0,0,0,0,1,41,0,0
eChild #999,0,0,0,0,0,0,0,0,0,8,9,0,2
eChild #1000,0,0,0,0,0,0,0,0,0,6,1,0,3
